[
  {
    "value": "Potato",
    "synonyms": [
      "potato",
      "Aalu"
    ]
  },
  {
    "value": "Onion",
    "synonyms": [
      "Onion"
    ]
  },
  {
    "value": "Tomato",
    "synonyms": [
      "Tomato"
    ]
  },
  {
    "value": "Cabbage",
    "synonyms": [
      "Cabbage"
    ]
  },
  {
    "value": "Cauliflower",
    "synonyms": [
      "Cauliflower"
    ]
  },
  {
    "value": "Spinach",
    "synonyms": [
      "Spinach"
    ]
  },
  {
    "value": "Brinjal",
    "synonyms": [
      "Brinjal"
    ]
  }
]