[
  {
    "id": "b2cf4c55-9f53-4416-b6b9-dddda3dc64e0",
    "data": [
      {
        "text": "buy friut",
        "userDefined": false
      }
    ],
    "isTemplate": false,
    "count": 0,
    "updated": 0
  },
  {
    "id": "a59da66d-5369-430e-92be-f892921d16f0",
    "data": [
      {
        "text": "buy",
        "userDefined": false
      }
    ],
    "isTemplate": false,
    "count": 0,
    "updated": 0
  },
  {
    "id": "5c0c99b2-9db3-4010-b3ae-60dbefac2098",
    "data": [
      {
        "text": "buy vegetable",
        "userDefined": false
      }
    ],
    "isTemplate": false,
    "count": 1,
    "updated": 0
  }
]