[
  {
    "id": "50d206c5-9e9b-4c15-91fe-3838bc24717f",
    "data": [
      {
        "text": "100gm",
        "alias": "buyItemQuantity",
        "meta": "@sys.unit-weight",
        "userDefined": false
      }
    ],
    "isTemplate": false,
    "count": 0,
    "updated": 0
  },
  {
    "id": "0966ce69-1784-4dc9-b3d0-bddea6949159",
    "data": [
      {
        "text": "10kg",
        "alias": "buyItemQuantity",
        "meta": "@sys.unit-weight",
        "userDefined": false
      }
    ],
    "isTemplate": false,
    "count": 0,
    "updated": 0
  },
  {
    "id": "6dc37499-1afb-4cf9-ae5a-f3f66c85c9bc",
    "data": [
      {
        "text": "2kg",
        "alias": "buyItemQuantity",
        "meta": "@sys.unit-weight",
        "userDefined": false
      }
    ],
    "isTemplate": false,
    "count": 0,
    "updated": 0
  },
  {
    "id": "fe8ab7be-f117-4c57-a6e5-959e948ef47b",
    "data": [
      {
        "text": "4kg",
        "alias": "buyItemQuantity",
        "meta": "@sys.unit-weight",
        "userDefined": false
      }
    ],
    "isTemplate": false,
    "count": 0,
    "updated": 0
  }
]