[
  {
    "id": "ef22edfe-8626-4d26-a9bb-3e59f1ab3341",
    "data": [
      {
        "text": "cabbage",
        "alias": "buyItemName",
        "meta": "@itemName",
        "userDefined": false
      }
    ],
    "isTemplate": false,
    "count": 0,
    "updated": 0
  },
  {
    "id": "a8472d06-0c0f-4f0c-a91a-6a2bbfd1dcc5",
    "data": [
      {
        "text": "potato",
        "alias": "buyItemName",
        "meta": "@itemName",
        "userDefined": false
      }
    ],
    "isTemplate": false,
    "count": 0,
    "updated": 0
  },
  {
    "id": "eb1ec819-b715-432f-a9a9-183eb446b883",
    "data": [
      {
        "text": "onion",
        "alias": "buyItemName",
        "meta": "@itemName",
        "userDefined": false
      }
    ],
    "isTemplate": false,
    "count": 0,
    "updated": 0
  },
  {
    "id": "67843558-bc66-4e1b-b1e7-6b1fe32c2969",
    "data": [
      {
        "text": "tomato",
        "alias": "buyItemName",
        "meta": "@itemName",
        "userDefined": false
      }
    ],
    "isTemplate": false,
    "count": 0,
    "updated": 0
  }
]