[
  {
    "id": "7855b7be-a1c9-462e-978f-b95f6cf9b772",
    "data": [
      {
        "text": "150 rupees",
        "alias": "itemRate",
        "meta": "@sys.unit-currency",
        "userDefined": false
      }
    ],
    "isTemplate": false,
    "count": 0,
    "updated": 0
  },
  {
    "id": "7256fe37-8ab7-481a-a047-a27513729853",
    "data": [
      {
        "text": "22 rupees",
        "alias": "itemRate",
        "meta": "@sys.unit-currency",
        "userDefined": false
      }
    ],
    "isTemplate": false,
    "count": 0,
    "updated": 0
  }
]