[
  {
    "id": "ad813e21-1b9a-4528-920e-1e392749e84b",
    "data": [
      {
        "text": "potato",
        "alias": "itemName",
        "meta": "@itemName",
        "userDefined": true
      }
    ],
    "isTemplate": false,
    "count": 0,
    "updated": 0
  },
  {
    "id": "1d57331b-f1ba-4b45-b004-7aba61970195",
    "data": [
      {
        "text": "tomato",
        "alias": "itemName",
        "meta": "@itemName",
        "userDefined": true
      }
    ],
    "isTemplate": false,
    "count": 0,
    "updated": 0
  },
  {
    "id": "347efaa6-f4e9-4a0c-8ac0-44bd5d355b86",
    "data": [
      {
        "text": "cabbage",
        "alias": "itemName",
        "meta": "@itemName",
        "userDefined": true
      }
    ],
    "isTemplate": false,
    "count": 0,
    "updated": 0
  },
  {
    "id": "4adaa0c6-b445-48f8-b628-0040cf23a24c",
    "data": [
      {
        "text": "brinjal",
        "alias": "itemName",
        "meta": "@itemName",
        "userDefined": true
      }
    ],
    "isTemplate": false,
    "count": 0,
    "updated": 0
  }
]