[
  {
    "id": "3a30bd68-96ca-407a-8d09-ab1633dc1389",
    "data": [
      {
        "text": "10kg",
        "alias": "itemQuantity",
        "meta": "@sys.unit-weight",
        "userDefined": false
      }
    ],
    "isTemplate": false,
    "count": 0,
    "updated": 0
  },
  {
    "id": "c998e6a5-4041-4f28-ab6c-7b7a365ac5e9",
    "data": [
      {
        "text": "5kg",
        "alias": "itemQuantity",
        "meta": "@sys.unit-weight",
        "userDefined": false
      }
    ],
    "isTemplate": false,
    "count": 0,
    "updated": 0
  }
]