[
  {
    "id": "6aebc102-d5e7-4b5f-a95e-be036bede8e6",
    "data": [
      {
        "text": "9822603281",
        "alias": "phoneno",
        "meta": "@sys.phone-number",
        "userDefined": false
      }
    ],
    "isTemplate": false,
    "count": 0,
    "updated": 0
  },
  {
    "id": "e5ac5022-498c-4ef5-ab9a-c5907cc6be57",
    "data": [
      {
        "text": "My contact number is ",
        "userDefined": false
      },
      {
        "text": "7218274780",
        "alias": "phoneno",
        "meta": "@sys.phone-number",
        "userDefined": false
      }
    ],
    "isTemplate": false,
    "count": 0,
    "updated": 0
  },
  {
    "id": "72f405c8-22bc-49b7-ace6-56cdc38c0912",
    "data": [
      {
        "text": "My phone number is ",
        "userDefined": false
      },
      {
        "text": "7218274780",
        "alias": "phoneno",
        "meta": "@sys.phone-number",
        "userDefined": false
      }
    ],
    "isTemplate": false,
    "count": 0,
    "updated": 0
  }
]