[
  {
    "id": "80bd66d3-e0e6-450a-b2db-662d54063e04",
    "data": [
      {
        "text": "Other",
        "alias": "gender",
        "meta": "@gender",
        "userDefined": true
      }
    ],
    "isTemplate": false,
    "count": 0,
    "updated": 0
  },
  {
    "id": "47460627-fc52-46fb-a04f-0bade504434f",
    "data": [
      {
        "text": "Female",
        "alias": "gender",
        "meta": "@gender",
        "userDefined": true
      }
    ],
    "isTemplate": false,
    "count": 0,
    "updated": 0
  },
  {
    "id": "7c6e7451-cef9-456d-b951-1e2ca00bdd50",
    "data": [
      {
        "text": "Male",
        "alias": "gender",
        "meta": "@gender",
        "userDefined": true
      }
    ],
    "isTemplate": false,
    "count": 0,
    "updated": 0
  }
]