[
  {
    "id": "63d8ded9-0a23-4e69-8255-6cd31fb757d7",
    "data": [
      {
        "text": "userlist",
        "userDefined": false
      }
    ],
    "isTemplate": false,
    "count": 0,
    "updated": 0
  },
  {
    "id": "52eabdd4-3af7-45f4-b0d0-e38c47a5621f",
    "data": [
      {
        "text": "users",
        "userDefined": false
      }
    ],
    "isTemplate": false,
    "count": 0,
    "updated": 0
  },
  {
    "id": "74acdd76-97d3-4abb-b90b-f8ce8ed6e392",
    "data": [
      {
        "text": "read",
        "userDefined": false
      }
    ],
    "isTemplate": false,
    "count": 0,
    "updated": 0
  },
  {
    "id": "02c0051d-5ca6-4a22-be9a-e256318c11ad",
    "data": [
      {
        "text": "read from ",
        "userDefined": false
      },
      {
        "text": "db",
        "meta": "@sys.ignore",
        "userDefined": false
      }
    ],
    "isTemplate": false,
    "count": 0,
    "updated": 0
  }
]