[
  {
    "id": "fd0a2229-3fe9-4e54-8eb7-40e5902d7d64",
    "data": [
      {
        "text": "sanat kothari",
        "alias": "username",
        "meta": "@sys.given-name",
        "userDefined": true
      }
    ],
    "isTemplate": false,
    "count": 0,
    "updated": 0
  },
  {
    "id": "954f5716-0939-42e1-981d-4258e8609905",
    "data": [
      {
        "text": "sanat",
        "alias": "username",
        "meta": "@sys.given-name",
        "userDefined": false
      }
    ],
    "isTemplate": false,
    "count": 1,
    "updated": 0
  },
  {
    "id": "df8bb874-d0db-4d78-a604-f8a5a1a904b9",
    "data": [
      {
        "text": "mishika",
        "alias": "username",
        "meta": "@sys.given-name",
        "userDefined": true
      }
    ],
    "isTemplate": false,
    "count": 0,
    "updated": 0
  },
  {
    "id": "388dfed6-768d-48dd-b5c2-e93382c2e33b",
    "data": [
      {
        "text": "Lalita Lambat",
        "alias": "username",
        "meta": "@sys.given-name",
        "userDefined": true
      }
    ],
    "isTemplate": false,
    "count": 1,
    "updated": 0
  },
  {
    "id": "c764bf0c-d394-4830-ad01-b7b78b651d1c",
    "data": [
      {
        "text": "vijay lambat",
        "alias": "username",
        "meta": "@sys.given-name",
        "userDefined": false
      }
    ],
    "isTemplate": false,
    "count": 0,
    "updated": 0
  },
  {
    "id": "72b53358-9b5e-4416-b09f-4e4d9312e835",
    "data": [
      {
        "text": "Vijay Lambat",
        "alias": "username",
        "meta": "@sys.given-name",
        "userDefined": false
      }
    ],
    "isTemplate": false,
    "count": 0,
    "updated": 0
  },
  {
    "id": "ca5f9206-708e-45d3-851b-b3f74d1c449e",
    "data": [
      {
        "text": "Tony Stark",
        "alias": "username",
        "meta": "@sys.given-name",
        "userDefined": true
      }
    ],
    "isTemplate": false,
    "count": 1,
    "updated": 0
  },
  {
    "id": "a62e8ec0-4d4c-425c-b3df-cb8a3838b77d",
    "data": [
      {
        "text": "Sundar Pichai",
        "alias": "username",
        "meta": "@sys.given-name",
        "userDefined": false
      }
    ],
    "isTemplate": false,
    "count": 0,
    "updated": 0
  },
  {
    "id": "24a0f20b-18ea-46cd-9a20-7e58af7b00c2",
    "data": [
      {
        "text": "Tanya Rana",
        "alias": "username",
        "meta": "@sys.given-name",
        "userDefined": false
      }
    ],
    "isTemplate": false,
    "count": 2,
    "updated": 0
  },
  {
    "id": "138be526-0d1a-45d5-808c-ac1fc518930f",
    "data": [
      {
        "text": "Jhanvi Lakhani",
        "alias": "username",
        "meta": "@sys.given-name",
        "userDefined": true
      }
    ],
    "isTemplate": false,
    "count": 1,
    "updated": 0
  },
  {
    "id": "75dd776b-9bee-46b7-97bc-4aa431354f32",
    "data": [
      {
        "text": "Ketan Lambat",
        "alias": "username",
        "meta": "@sys.given-name",
        "userDefined": true
      }
    ],
    "isTemplate": false,
    "count": 0,
    "updated": 0
  },
  {
    "id": "78dc417f-6c04-4b3a-a9cd-5f85e2c1ac06",
    "data": [
      {
        "text": "abhinav",
        "alias": "username",
        "meta": "@sys.given-name",
        "userDefined": true
      }
    ],
    "isTemplate": false,
    "count": 0,
    "updated": 0
  },
  {
    "id": "177673a3-6b22-49b2-8c47-d9dc8fe0eaeb",
    "data": [
      {
        "text": "Ram Nad",
        "alias": "username",
        "meta": "@sys.given-name",
        "userDefined": false
      }
    ],
    "isTemplate": false,
    "count": 0,
    "updated": 0
  },
  {
    "id": "9a080a32-a089-4a60-908c-33499280feb3",
    "data": [
      {
        "text": "Harry Potter",
        "alias": "username",
        "meta": "@sys.given-name",
        "userDefined": false
      }
    ],
    "isTemplate": false,
    "count": 0,
    "updated": 0
  },
  {
    "id": "ec6319c1-f68e-4916-9fd8-50a310876ef0",
    "data": [
      {
        "text": "Raja Abhay Singh",
        "alias": "username",
        "meta": "@sys.given-name",
        "userDefined": true
      }
    ],
    "isTemplate": false,
    "count": 0,
    "updated": 0
  },
  {
    "id": "01f589c0-ac9b-46b7-ba7b-dba671b22b83",
    "data": [
      {
        "text": "Tanmay Bhat",
        "alias": "username",
        "meta": "@sys.given-name",
        "userDefined": false
      }
    ],
    "isTemplate": false,
    "count": 0,
    "updated": 0
  },
  {
    "id": "953748de-2b51-4738-8521-cd9e179677db",
    "data": [
      {
        "text": "Abhijit Patil",
        "alias": "username",
        "meta": "@sys.given-name",
        "userDefined": true
      }
    ],
    "isTemplate": false,
    "count": 1,
    "updated": 0
  },
  {
    "id": "7c0ed024-f026-4edf-ad90-2005d59b0e29",
    "data": [
      {
        "text": "Sonal Lambat",
        "alias": "username",
        "meta": "@sys.given-name",
        "userDefined": true
      }
    ],
    "isTemplate": false,
    "count": 0,
    "updated": 0
  },
  {
    "id": "498c78c2-fbd3-4450-a324-56d72575f310",
    "data": [
      {
        "text": "My Name is ",
        "userDefined": false
      },
      {
        "text": "Ketan Lambat",
        "alias": "username",
        "meta": "@sys.given-name",
        "userDefined": false
      }
    ],
    "isTemplate": false,
    "count": 0,
    "updated": 0
  }
]