[
  {
    "id": "7e8f339b-c324-455e-accb-8352ec826214",
    "data": [
      {
        "text": "Register a new User",
        "userDefined": false
      }
    ],
    "isTemplate": false,
    "count": 0,
    "updated": 0
  },
  {
    "id": "6d76e54c-58ce-4c70-8e69-9f2b4594c624",
    "data": [
      {
        "text": "register with happyfarm",
        "userDefined": false
      }
    ],
    "isTemplate": false,
    "count": 0,
    "updated": 0
  },
  {
    "id": "0e65030e-d2b6-4d1f-8203-31957044a7c8",
    "data": [
      {
        "text": "create account",
        "userDefined": false
      }
    ],
    "isTemplate": false,
    "count": 1,
    "updated": 0
  },
  {
    "id": "27ed22fa-0472-44d9-a35c-6456e9e47142",
    "data": [
      {
        "text": "register",
        "userDefined": false
      }
    ],
    "isTemplate": false,
    "count": 0,
    "updated": 0
  }
]