[
  {
    "id": "ea0aac71-24e5-40ca-bf3d-0ed5d8ef580e",
    "data": [
      {
        "text": "sell vegetable",
        "userDefined": false
      }
    ],
    "isTemplate": false,
    "count": 0,
    "updated": 0
  },
  {
    "id": "a43f4add-1026-4781-aa34-c0b3279b9acf",
    "data": [
      {
        "text": "sell crop",
        "userDefined": false
      }
    ],
    "isTemplate": false,
    "count": 0,
    "updated": 0
  },
  {
    "id": "8af88c83-fc3f-412e-ba88-d8cc187cb3cd",
    "data": [
      {
        "text": "sell item",
        "userDefined": false
      }
    ],
    "isTemplate": false,
    "count": 0,
    "updated": 0
  },
  {
    "id": "c3ec68d0-8db1-480b-8eb8-e2e8ddaa53ad",
    "data": [
      {
        "text": "sell",
        "userDefined": false
      }
    ],
    "isTemplate": false,
    "count": 0,
    "updated": 0
  }
]